round,provider,M,N,p50_us,p20_us,p80_us,effective_bandwidth_GBps
1,cuda_shuffle,4096,128,19.456,19.456,20.480,215.58
1,cuda_online,4096,128,29.696,26.624,29.696,141.24
2,cuda_online,4096,128,26.624,26.624,27.648,157.54
2,cuda_shuffle,4096,128,17.408,17.408,17.408,240.94
3,cuda_shuffle,4096,128,17.408,17.408,18.432,240.94
3,cuda_online,4096,128,26.624,26.624,26.624,157.54
1,cuda_shuffle,1024,32768,685.520,683.008,691.200,391.58
1,cuda_online,1024,32768,529.408,527.360,545.382,507.05
2,cuda_online,1024,32768,530.432,528.384,543.763,506.07
2,cuda_shuffle,1024,32768,685.056,683.008,1171.456,391.84
3,cuda_shuffle,1024,32768,685.568,683.008,966.451,391.55
3,cuda_online,1024,32768,529.408,527.360,534.938,507.05
1,cuda_shuffle,512,131072,1476.608,1470.464,1998.029,363.58
1,cuda_online,512,131072,1170.432,1162.035,1540.634,458.69
2,cuda_online,512,131072,1170.944,1163.264,1196.032,458.49
2,cuda_shuffle,512,131072,1478.656,1471.283,1519.821,363.08
3,cuda_shuffle,512,131072,1482.752,1471.488,1507.942,362.08
3,cuda_online,512,131072,1170.432,1164.288,1696.538,458.69
